,Datetime,Open,High,Low,Close,Volume,ScripName,ScripCode
0,2022-01-03T00:00:00,718.0,726.8,716.0,718.7,4640405,WIPRO,3787
1,2022-01-04T00:00:00,722.75,723.1,711.55,721.5,5114400,WIPRO,3787
2,2022-01-05T00:00:00,720.0,720.85,703.0,713.5,7355632,WIPRO,3787
3,2022-01-06T00:00:00,705.8,712.25,699.95,705.75,6441610,WIPRO,3787
4,2022-01-07T00:00:00,708.0,721.5,707.6,711.5,6560163,WIPRO,3787
5,2022-01-10T00:00:00,709.0,709.0,690.0,693.5,13768910,WIPRO,3787
6,2022-01-11T00:00:00,695.0,698.45,689.0,694.15,7743729,WIPRO,3787
7,2022-01-12T00:00:00,700.0,701.75,683.2,691.35,11730341,WIPRO,3787
8,2022-01-13T00:00:00,663.2,666.0,648.0,649.75,30752967,WIPRO,3787
9,2022-01-14T00:00:00,649.25,649.25,636.5,639.8,13257274,WIPRO,3787
10,2022-01-17T00:00:00,639.5,651.65,633.05,646.65,10228938,WIPRO,3787
11,2022-01-18T00:00:00,648.9,650.0,631.15,633.3,7164990,WIPRO,3787
12,2022-01-19T00:00:00,631.0,631.65,619.0,621.15,8691383,WIPRO,3787
13,2022-01-20T00:00:00,620.65,622.4,610.5,615.2,8413562,WIPRO,3787
14,2022-01-21T00:00:00,610.0,611.0,600.8,605.05,9823347,WIPRO,3787
15,2022-01-24T00:00:00,605.5,605.5,568.45,572.75,13075358,WIPRO,3787
16,2022-01-25T00:00:00,562.5,572.0,550.7,562.7,17356185,WIPRO,3787
17,2022-01-27T00:00:00,555.0,556.9,537.2,544.75,15675872,WIPRO,3787
18,2022-01-28T00:00:00,550.1,564.95,546.65,552.15,14949890,WIPRO,3787
19,2022-01-31T00:00:00,569.0,574.4,562.55,572.6,13126087,WIPRO,3787
20,2022-02-01T00:00:00,579.9,582.4,566.45,576.65,10460101,WIPRO,3787
21,2022-02-02T00:00:00,582.0,590.0,575.0,588.0,8184413,WIPRO,3787
22,2022-02-03T00:00:00,584.7,588.8,576.15,578.25,7041390,WIPRO,3787
23,2022-02-04T00:00:00,577.0,577.8,568.05,571.75,6816779,WIPRO,3787
24,2022-02-07T00:00:00,571.9,573.8,555.6,557.0,7545679,WIPRO,3787
25,2022-02-08T00:00:00,561.4,565.8,554.45,560.25,6976907,WIPRO,3787
26,2022-02-09T00:00:00,564.4,570.75,563.3,568.95,5103738,WIPRO,3787
27,2022-02-10T00:00:00,572.4,574.75,566.2,573.65,5801912,WIPRO,3787
28,2022-02-11T00:00:00,566.0,566.0,557.1,561.45,7721229,WIPRO,3787
29,2022-02-14T00:00:00,550.0,557.15,540.0,541.7,8120773,WIPRO,3787
30,2022-02-15T00:00:00,545.6,565.25,543.25,563.35,6838496,WIPRO,3787
31,2022-02-16T00:00:00,565.15,570.3,557.55,563.9,7303911,WIPRO,3787
32,2022-02-17T00:00:00,572.0,572.4,561.15,564.9,7114420,WIPRO,3787
33,2022-02-18T00:00:00,559.0,565.7,555.35,562.45,6705919,WIPRO,3787
34,2022-02-21T00:00:00,555.75,572.7,555.4,570.8,8767001,WIPRO,3787
35,2022-02-22T00:00:00,556.25,569.0,556.1,564.15,10745062,WIPRO,3787
36,2022-02-23T00:00:00,569.2,570.9,562.65,567.1,7204256,WIPRO,3787
37,2022-02-24T00:00:00,548.0,556.9,531.15,537.15,13476944,WIPRO,3787
38,2022-02-25T00:00:00,548.0,558.75,547.5,555.25,7961312,WIPRO,3787
39,2022-02-28T00:00:00,551.0,560.1,544.1,555.8,9158437,WIPRO,3787
40,2022-03-02T00:00:00,555.0,558.3,550.4,555.2,8177055,WIPRO,3787
41,2022-03-03T00:00:00,563.0,575.95,560.35,569.55,12955663,WIPRO,3787
42,2022-03-04T00:00:00,561.0,580.0,554.05,575.3,13474186,WIPRO,3787
43,2022-03-07T00:00:00,563.0,579.65,562.25,571.85,10556167,WIPRO,3787
44,2022-03-08T00:00:00,572.0,590.75,572.0,587.45,11019999,WIPRO,3787
45,2022-03-09T00:00:00,588.0,596.4,582.15,585.5,11763616,WIPRO,3787
46,2022-03-10T00:00:00,595.0,596.5,584.6,588.25,8080983,WIPRO,3787
47,2022-03-11T00:00:00,587.0,590.0,582.4,586.2,4963594,WIPRO,3787
48,2022-03-14T00:00:00,586.4,600.8,586.0,598.15,7503221,WIPRO,3787
49,2022-03-15T00:00:00,603.7,603.7,584.3,587.7,6926622,WIPRO,3787
50,2022-03-16T00:00:00,595.25,599.45,592.5,598.25,5575148,WIPRO,3787
51,2022-03-17T00:00:00,605.0,611.0,599.0,601.2,8440645,WIPRO,3787
52,2022-03-21T00:00:00,605.1,616.0,598.0,600.0,7796476,WIPRO,3787
53,2022-03-22T00:00:00,603.4,611.0,596.15,610.05,7790250,WIPRO,3787
54,2022-03-23T00:00:00,613.95,615.0,607.7,611.2,5696918,WIPRO,3787
55,2022-03-24T00:00:00,607.0,613.8,605.8,610.55,3875745,WIPRO,3787
56,2022-03-25T00:00:00,611.0,614.0,597.25,603.35,5993097,WIPRO,3787
57,2022-03-28T00:00:00,608.0,609.0,597.1,600.2,5738405,WIPRO,3787
58,2022-03-29T00:00:00,603.0,605.35,599.15,602.5,4701003,WIPRO,3787
59,2022-03-30T00:00:00,605.1,609.3,599.5,600.8,7744382,WIPRO,3787
60,2022-03-31T00:00:00,600.0,603.3,590.2,591.9,7238089,WIPRO,3787
61,2022-04-01T00:00:00,591.7,603.4,589.3,601.8,4283997,WIPRO,3787
62,2022-04-04T00:00:00,605.0,606.5,599.0,605.6,4427974,WIPRO,3787
63,2022-04-05T00:00:00,605.45,609.5,598.05,599.15,6431244,WIPRO,3787
64,2022-04-06T00:00:00,598.0,598.0,591.0,593.55,4117951,WIPRO,3787
65,2022-04-07T00:00:00,592.0,592.0,577.5,580.85,7860765,WIPRO,3787
66,2022-04-08T00:00:00,586.0,587.0,580.5,583.65,4318316,WIPRO,3787
67,2022-04-11T00:00:00,584.0,584.25,568.1,571.1,8582108,WIPRO,3787
68,2022-04-12T00:00:00,568.0,568.0,556.2,558.7,8169266,WIPRO,3787
69,2022-04-13T00:00:00,560.0,565.5,554.6,559.2,5602288,WIPRO,3787
70,2022-04-18T00:00:00,549.85,549.85,536.0,538.6,9465031,WIPRO,3787
71,2022-04-19T00:00:00,544.0,545.55,526.05,530.45,6643004,WIPRO,3787
72,2022-04-20T00:00:00,536.0,540.55,531.35,536.5,4330488,WIPRO,3787
73,2022-04-21T00:00:00,541.0,542.5,537.35,539.2,6694391,WIPRO,3787
74,2022-04-22T00:00:00,535.0,540.85,530.65,537.7,4891212,WIPRO,3787
75,2022-04-25T00:00:00,529.95,531.15,523.3,529.35,4736884,WIPRO,3787
76,2022-04-26T00:00:00,537.0,537.75,527.1,529.25,4359370,WIPRO,3787
77,2022-04-27T00:00:00,527.0,527.0,514.5,518.95,8137539,WIPRO,3787
78,2022-04-28T00:00:00,524.0,526.65,516.0,522.55,6620669,WIPRO,3787
79,2022-04-29T00:00:00,528.5,528.5,507.0,508.8,12075630,WIPRO,3787
80,2022-05-02T00:00:00,515.5,519.0,492.6,495.0,21911427,WIPRO,3787
81,2022-05-04T00:00:00,500.0,503.85,489.25,491.75,8633927,WIPRO,3787
82,2022-05-05T00:00:00,501.0,503.7,496.3,501.15,5434766,WIPRO,3787
83,2022-05-06T00:00:00,490.0,490.9,481.0,485.1,9220891,WIPRO,3787
84,2022-05-09T00:00:00,482.0,489.35,474.6,483.15,8337625,WIPRO,3787
85,2022-05-10T00:00:00,483.0,483.75,476.15,477.65,7484767,WIPRO,3787
86,2022-05-11T00:00:00,480.05,481.95,462.55,471.9,10514671,WIPRO,3787
87,2022-05-12T00:00:00,468.1,476.0,462.15,473.8,7286500,WIPRO,3787
88,2022-05-13T00:00:00,479.5,479.5,467.0,468.65,8387659,WIPRO,3787
89,2022-05-16T00:00:00,474.0,474.35,465.0,468.0,3657033,WIPRO,3787
90,2022-05-17T00:00:00,471.0,489.0,468.3,486.65,5660725,WIPRO,3787
91,2022-05-18T00:00:00,490.9,495.25,480.6,481.25,7695484,WIPRO,3787
92,2022-05-19T00:00:00,466.15,473.8,450.0,451.15,11472989,WIPRO,3787
93,2022-05-20T00:00:00,462.0,462.2,455.0,459.6,6365956,WIPRO,3787
94,2022-05-23T00:00:00,463.8,467.8,457.5,466.0,7055784,WIPRO,3787
95,2022-05-24T00:00:00,468.45,469.6,458.0,459.95,6889730,WIPRO,3787
96,2022-05-25T00:00:00,460.15,460.85,443.2,444.85,7740753,WIPRO,3787
97,2022-05-26T00:00:00,446.0,454.7,444.0,453.35,5791541,WIPRO,3787
98,2022-05-27T00:00:00,460.0,467.95,456.25,466.95,5707236,WIPRO,3787
99,2022-05-30T00:00:00,473.15,481.5,473.15,476.25,6145574,WIPRO,3787
100,2022-05-31T00:00:00,475.9,480.75,470.4,478.05,15793502,WIPRO,3787
101,2022-06-01T00:00:00,478.95,478.95,468.5,470.75,5257283,WIPRO,3787
102,2022-06-02T00:00:00,471.8,476.45,468.1,474.15,5267520,WIPRO,3787
103,2022-06-03T00:00:00,479.65,488.0,474.5,475.5,11634889,WIPRO,3787
104,2022-06-06T00:00:00,472.0,475.5,464.2,473.2,6895578,WIPRO,3787
105,2022-06-07T00:00:00,470.0,470.75,465.15,467.65,2350671,WIPRO,3787
106,2022-06-08T00:00:00,471.05,472.0,464.3,470.4,2813826,WIPRO,3787
107,2022-06-09T00:00:00,467.05,476.15,464.25,475.05,3701119,WIPRO,3787
108,2022-06-10T00:00:00,467.2,467.2,456.3,460.95,8726549,WIPRO,3787
109,2022-06-13T00:00:00,450.05,453.0,445.0,446.1,7065411,WIPRO,3787
110,2022-06-14T00:00:00,440.0,453.7,438.0,445.9,6528192,WIPRO,3787
111,2022-06-15T00:00:00,448.45,450.65,439.3,440.1,5695798,WIPRO,3787
112,2022-06-16T00:00:00,446.0,446.75,419.75,422.3,8972343,WIPRO,3787
113,2022-06-17T00:00:00,416.0,418.75,402.05,405.2,20775273,WIPRO,3787
114,2022-06-20T00:00:00,409.0,417.9,404.15,414.65,10375419,WIPRO,3787
115,2022-06-21T00:00:00,420.0,426.75,416.65,425.15,6093902,WIPRO,3787
116,2022-06-22T00:00:00,422.7,422.7,410.3,411.25,8101431,WIPRO,3787
117,2022-06-23T00:00:00,412.5,420.8,411.3,419.05,9827505,WIPRO,3787
118,2022-06-24T00:00:00,421.0,426.0,415.75,418.75,7681051,WIPRO,3787
119,2022-06-27T00:00:00,427.0,430.75,424.0,424.9,6223935,WIPRO,3787
120,2022-06-28T00:00:00,422.0,429.1,415.7,427.25,6045914,WIPRO,3787
121,2022-06-29T00:00:00,420.0,424.8,417.4,420.75,8342088,WIPRO,3787
122,2022-06-30T00:00:00,421.9,423.0,415.0,416.05,6061642,WIPRO,3787
123,2022-07-01T00:00:00,415.0,423.2,411.4,422.0,4453624,WIPRO,3787
124,2022-07-04T00:00:00,420.95,421.75,416.0,420.3,3186358,WIPRO,3787
125,2022-07-05T00:00:00,421.1,423.05,413.05,413.6,5756605,WIPRO,3787
126,2022-07-06T00:00:00,418.6,418.6,413.1,416.05,5261455,WIPRO,3787
127,2022-07-07T00:00:00,420.0,423.95,417.2,420.8,5353012,WIPRO,3787
128,2022-07-08T00:00:00,424.0,424.7,416.55,419.1,4767716,WIPRO,3787
129,2022-07-11T00:00:00,414.75,415.0,405.55,411.2,8344787,WIPRO,3787
130,2022-07-12T00:00:00,409.0,414.85,408.0,409.15,4888736,WIPRO,3787
131,2022-07-13T00:00:00,412.0,412.0,405.35,406.7,5978390,WIPRO,3787
132,2022-07-14T00:00:00,410.6,410.6,400.5,401.45,6580621,WIPRO,3787
133,2022-07-15T00:00:00,400.95,404.1,391.0,393.85,11164177,WIPRO,3787
134,2022-07-18T00:00:00,399.0,405.7,396.65,404.75,6816197,WIPRO,3787
135,2022-07-19T00:00:00,403.0,407.8,401.2,405.65,6448589,WIPRO,3787
136,2022-07-20T00:00:00,410.8,417.5,407.1,412.1,12618706,WIPRO,3787
137,2022-07-21T00:00:00,408.85,417.5,402.6,414.0,22691171,WIPRO,3787
138,2022-07-22T00:00:00,415.75,417.4,409.05,410.85,7734271,WIPRO,3787
139,2022-07-25T00:00:00,410.5,415.65,408.55,414.8,6267831,WIPRO,3787
140,2022-07-26T00:00:00,414.8,415.4,404.3,405.2,7593149,WIPRO,3787
141,2022-07-27T00:00:00,404.95,407.4,401.95,406.65,7042079,WIPRO,3787
142,2022-07-28T00:00:00,411.8,417.0,410.9,416.0,7949232,WIPRO,3787
143,2022-07-29T00:00:00,420.6,424.3,417.8,423.7,7959892,WIPRO,3787
144,2022-08-01T00:00:00,426.2,430.9,422.6,429.0,5182874,WIPRO,3787
145,2022-08-02T00:00:00,428.95,431.65,424.65,429.6,8456213,WIPRO,3787
146,2022-08-03T00:00:00,429.0,433.0,427.5,432.35,6017469,WIPRO,3787
147,2022-08-04T00:00:00,437.05,440.3,427.1,435.5,8894567,WIPRO,3787
148,2022-08-05T00:00:00,436.15,442.0,436.15,440.0,6483793,WIPRO,3787
149,2022-08-08T00:00:00,442.8,442.8,435.2,435.85,4778748,WIPRO,3787
150,2022-08-10T00:00:00,435.0,436.0,426.3,430.15,5664871,WIPRO,3787
151,2022-08-11T00:00:00,438.0,442.0,436.3,438.45,4577322,WIPRO,3787
152,2022-08-12T00:00:00,437.1,438.5,435.0,436.1,3546199,WIPRO,3787
153,2022-08-16T00:00:00,438.5,439.8,436.6,437.1,2387104,WIPRO,3787
154,2022-08-17T00:00:00,437.25,444.9,436.65,443.05,5200738,WIPRO,3787
155,2022-08-18T00:00:00,441.75,441.75,434.05,435.05,8444130,WIPRO,3787
156,2022-08-19T00:00:00,438.95,442.5,431.0,432.45,8626954,WIPRO,3787
157,2022-08-22T00:00:00,430.9,430.9,419.05,420.0,6450290,WIPRO,3787
158,2022-08-23T00:00:00,415.0,418.5,410.0,416.65,8514388,WIPRO,3787
159,2022-08-24T00:00:00,417.8,419.5,414.35,416.15,3714585,WIPRO,3787
160,2022-08-25T00:00:00,419.3,420.1,414.95,415.2,4376951,WIPRO,3787
161,2022-08-26T00:00:00,418.5,422.5,416.3,417.25,3952097,WIPRO,3787
162,2022-08-29T00:00:00,405.0,406.35,399.0,404.35,11759757,WIPRO,3787
163,2022-08-30T00:00:00,409.15,415.95,406.25,413.55,9875496,WIPRO,3787
164,2022-09-01T00:00:00,409.9,411.65,404.85,410.45,5889353,WIPRO,3787
165,2022-09-02T00:00:00,412.55,412.75,407.1,407.7,4907540,WIPRO,3787
166,2022-09-05T00:00:00,407.0,408.0,404.0,405.5,9009254,WIPRO,3787
167,2022-09-06T00:00:00,407.0,407.35,401.25,404.45,9113081,WIPRO,3787
168,2022-09-07T00:00:00,402.1,408.85,401.0,407.45,6124266,WIPRO,3787
169,2022-09-08T00:00:00,410.0,414.35,409.6,412.8,7032474,WIPRO,3787
170,2022-09-09T00:00:00,417.0,419.45,411.35,417.15,7335671,WIPRO,3787
171,2022-09-12T00:00:00,419.85,424.4,418.05,422.0,5839212,WIPRO,3787
172,2022-09-13T00:00:00,424.9,426.0,421.5,422.65,4704167,WIPRO,3787
173,2022-09-14T00:00:00,409.0,422.7,409.0,416.3,8791982,WIPRO,3787
174,2022-09-15T00:00:00,419.7,420.9,413.25,415.05,5320157,WIPRO,3787
175,2022-09-16T00:00:00,412.75,412.75,400.2,401.65,10096243,WIPRO,3787
176,2022-09-19T00:00:00,405.0,406.2,397.0,401.95,6792094,WIPRO,3787
177,2022-09-20T00:00:00,406.0,409.4,404.45,404.9,4494911,WIPRO,3787
178,2022-09-21T00:00:00,405.9,405.9,399.5,400.75,9645056,WIPRO,3787
179,2022-09-22T00:00:00,398.0,400.35,395.0,397.95,8250162,WIPRO,3787
180,2022-09-23T00:00:00,398.1,399.4,393.65,394.35,6983355,WIPRO,3787
181,2022-09-26T00:00:00,392.0,399.2,384.6,394.8,9497072,WIPRO,3787
182,2022-09-27T00:00:00,396.8,401.4,392.0,398.4,6227347,WIPRO,3787
183,2022-09-28T00:00:00,396.0,400.5,395.35,398.05,4460795,WIPRO,3787
184,2022-09-29T00:00:00,401.0,401.9,391.55,392.8,5941534,WIPRO,3787
185,2022-09-30T00:00:00,392.45,396.7,387.5,394.25,6785265,WIPRO,3787
186,2022-10-03T00:00:00,393.9,398.0,390.6,394.5,4070417,WIPRO,3787
187,2022-10-04T00:00:00,399.95,406.0,399.0,405.5,6295848,WIPRO,3787
188,2022-10-06T00:00:00,409.35,413.0,407.45,410.15,5601939,WIPRO,3787
189,2022-10-07T00:00:00,409.8,411.75,406.25,408.1,3790093,WIPRO,3787
190,2022-10-10T00:00:00,400.3,413.5,399.75,411.3,9357463,WIPRO,3787
191,2022-10-11T00:00:00,414.9,417.9,402.3,404.4,11361646,WIPRO,3787
192,2022-10-12T00:00:00,404.25,409.6,401.6,407.95,6305059,WIPRO,3787
193,2022-10-13T00:00:00,387.0,392.35,378.1,379.1,42448106,WIPRO,3787
194,2022-10-14T00:00:00,387.0,387.5,376.25,377.3,13932397,WIPRO,3787
195,2022-10-17T00:00:00,377.3,378.95,372.4,375.1,8454769,WIPRO,3787
196,2022-10-18T00:00:00,383.7,384.25,378.4,379.3,11164240,WIPRO,3787
197,2022-10-19T00:00:00,381.2,381.2,377.05,378.05,5099139,WIPRO,3787
198,2022-10-20T00:00:00,377.0,382.6,376.0,381.5,5934407,WIPRO,3787
199,2022-10-21T00:00:00,382.5,383.3,380.2,382.55,4465770,WIPRO,3787
200,2022-10-24T00:00:00,386.4,386.4,384.0,384.7,1736235,WIPRO,3787
201,2022-10-25T00:00:00,386.45,386.45,383.65,384.65,2891628,WIPRO,3787
202,2022-10-27T00:00:00,386.0,386.95,381.1,382.65,5861559,WIPRO,3787
203,2022-10-28T00:00:00,382.8,385.85,382.0,383.25,3804838,WIPRO,3787
204,2022-10-31T00:00:00,386.55,388.4,384.75,386.55,3319191,WIPRO,3787
205,2022-11-01T00:00:00,388.0,393.0,386.6,392.4,5770098,WIPRO,3787
206,2022-11-02T00:00:00,392.85,394.85,390.65,393.95,3358307,WIPRO,3787
207,2022-11-03T00:00:00,389.75,393.75,385.55,388.5,5156238,WIPRO,3787
208,2022-11-04T00:00:00,388.5,392.4,385.65,390.55,4511815,WIPRO,3787
209,2022-11-07T00:00:00,393.0,394.85,387.6,391.5,4126299,WIPRO,3787
210,2022-11-09T00:00:00,394.05,394.4,389.15,390.95,3431273,WIPRO,3787
211,2022-11-10T00:00:00,388.8,391.1,387.0,388.9,2747454,WIPRO,3787
212,2022-11-11T00:00:00,398.5,405.85,397.25,399.7,14208523,WIPRO,3787
213,2022-11-14T00:00:00,402.65,402.65,395.55,396.55,8811714,WIPRO,3787
214,2022-11-15T00:00:00,398.05,399.55,394.0,397.15,6231356,WIPRO,3787
215,2022-11-16T00:00:00,399.0,401.7,396.2,398.25,5519764,WIPRO,3787
216,2022-11-17T00:00:00,397.9,398.0,395.0,396.75,3028808,WIPRO,3787
217,2022-11-18T00:00:00,397.85,398.9,392.8,393.85,4773101,WIPRO,3787
218,2022-11-21T00:00:00,393.85,394.45,387.6,388.65,3952306,WIPRO,3787
219,2022-11-22T00:00:00,389.0,389.4,384.5,388.8,4205414,WIPRO,3787
220,2022-11-23T00:00:00,390.75,391.95,388.0,388.75,3358880,WIPRO,3787
221,2022-11-24T00:00:00,389.9,399.75,389.15,398.25,6685133,WIPRO,3787
222,2022-11-25T00:00:00,399.0,404.4,395.9,402.8,6824275,WIPRO,3787
223,2022-11-28T00:00:00,402.8,409.45,402.0,405.65,6839600,WIPRO,3787
224,2022-11-29T00:00:00,403.0,408.9,402.9,405.15,4551301,WIPRO,3787
225,2022-11-30T00:00:00,406.9,408.0,402.65,406.9,6946173,WIPRO,3787
226,2022-12-01T00:00:00,412.85,416.35,411.65,413.7,7926492,WIPRO,3787
227,2022-12-02T00:00:00,413.8,413.9,409.05,412.4,5863311,WIPRO,3787
228,2022-12-05T00:00:00,413.25,414.95,410.65,412.35,4973531,WIPRO,3787
229,2022-12-06T00:00:00,410.5,412.6,407.8,411.35,4416259,WIPRO,3787
230,2022-12-07T00:00:00,409.0,409.5,405.3,406.3,3284308,WIPRO,3787
231,2022-12-08T00:00:00,407.25,408.0,403.3,403.7,4470356,WIPRO,3787
232,2022-12-09T00:00:00,406.0,406.0,391.25,394.05,7711668,WIPRO,3787
233,2022-12-12T00:00:00,392.9,397.5,388.0,396.35,5182940,WIPRO,3787
234,2022-12-13T00:00:00,398.35,399.35,396.0,397.75,3406921,WIPRO,3787
235,2022-12-14T00:00:00,400.8,404.5,399.25,400.05,4997576,WIPRO,3787
236,2022-12-15T00:00:00,399.75,399.75,394.05,395.2,3883463,WIPRO,3787
237,2022-12-16T00:00:00,391.4,394.8,388.05,389.75,9006317,WIPRO,3787
238,2022-12-19T00:00:00,388.45,390.5,385.7,389.05,4419023,WIPRO,3787
239,2022-12-20T00:00:00,388.8,389.9,383.0,388.95,4389279,WIPRO,3787
240,2022-12-21T00:00:00,390.9,393.25,387.85,389.5,5107607,WIPRO,3787
241,2022-12-22T00:00:00,390.1,391.95,386.0,388.75,4546900,WIPRO,3787
242,2022-12-23T00:00:00,384.0,385.85,377.0,377.65,6060355,WIPRO,3787
243,2022-12-26T00:00:00,378.0,381.6,376.3,380.5,3630574,WIPRO,3787
244,2022-12-27T00:00:00,382.5,387.35,380.25,386.6,3842920,WIPRO,3787
245,2022-12-28T00:00:00,385.0,389.55,383.25,387.8,3838001,WIPRO,3787
246,2022-12-29T00:00:00,386.25,392.1,384.8,390.75,4742699,WIPRO,3787
247,2022-12-30T00:00:00,393.0,396.3,391.55,392.75,4128278,WIPRO,3787
248,2023-01-02T00:00:00,393.0,393.9,390.5,393.05,2779756,WIPRO,3787
249,2023-01-03T00:00:00,393.05,397.75,391.7,397.05,2997211,WIPRO,3787
250,2023-01-04T00:00:00,397.5,397.5,388.6,389.7,4463261,WIPRO,3787
251,2023-01-05T00:00:00,390.0,392.2,383.75,386.9,4784490,WIPRO,3787
252,2023-01-06T00:00:00,387.0,388.8,381.4,382.0,4242377,WIPRO,3787
253,2023-01-09T00:00:00,386.0,393.0,385.1,391.8,3673716,WIPRO,3787
254,2023-01-10T00:00:00,392.0,393.9,387.35,393.05,3939748,WIPRO,3787
255,2023-01-11T00:00:00,393.0,396.0,391.5,393.85,3828300,WIPRO,3787
256,2023-01-12T00:00:00,395.75,397.9,390.5,394.5,4755250,WIPRO,3787
257,2023-01-13T00:00:00,396.0,396.6,386.5,393.9,6810930,WIPRO,3787
258,2023-01-16T00:00:00,390.0,401.0,389.0,398.6,11933722,WIPRO,3787
259,2023-01-17T00:00:00,400.05,402.05,393.75,396.35,7155016,WIPRO,3787
260,2023-01-18T00:00:00,398.5,403.85,398.0,403.2,8040213,WIPRO,3787
261,2023-01-19T00:00:00,402.1,404.0,398.75,403.4,4723728,WIPRO,3787
262,2023-01-20T00:00:00,403.55,405.4,401.3,403.15,4632807,WIPRO,3787
263,2023-01-23T00:00:00,405.2,407.75,402.5,407.0,4407645,WIPRO,3787
264,2023-01-24T00:00:00,408.4,410.2,405.15,406.6,4776320,WIPRO,3787
265,2023-01-25T00:00:00,405.0,405.9,400.0,401.55,3177777,WIPRO,3787
266,2023-01-27T00:00:00,401.55,403.6,394.2,398.05,3705067,WIPRO,3787
267,2023-01-30T00:00:00,398.05,404.8,395.05,402.25,3630628,WIPRO,3787
268,2023-01-31T00:00:00,402.3,402.55,397.7,398.85,4783423,WIPRO,3787
269,2023-02-01T00:00:00,401.5,403.9,398.35,402.4,3514948,WIPRO,3787
270,2023-02-02T00:00:00,402.4,410.0,402.4,409.45,5417730,WIPRO,3787
271,2023-02-03T00:00:00,412.55,413.0,406.15,407.9,4425118,WIPRO,3787
272,2023-02-06T00:00:00,405.4,406.2,401.6,404.65,2979011,WIPRO,3787
273,2023-02-07T00:00:00,405.5,405.5,399.05,400.5,3341790,WIPRO,3787
274,2023-02-08T00:00:00,401.0,407.6,401.0,406.75,4150488,WIPRO,3787
275,2023-02-09T00:00:00,406.75,408.95,403.55,408.3,2638687,WIPRO,3787
276,2023-02-10T00:00:00,407.0,407.0,402.8,405.8,2580070,WIPRO,3787
277,2023-02-13T00:00:00,405.65,405.65,399.2,400.6,2412678,WIPRO,3787
278,2023-02-14T00:00:00,403.0,406.45,401.5,405.1,2319411,WIPRO,3787
279,2023-02-15T00:00:00,402.7,407.85,400.35,407.4,2613836,WIPRO,3787
280,2023-02-16T00:00:00,408.8,413.25,408.55,409.9,5594681,WIPRO,3787
281,2023-02-17T00:00:00,406.85,408.0,404.0,406.3,2808122,WIPRO,3787
282,2023-02-20T00:00:00,405.3,407.8,402.2,407.05,3248594,WIPRO,3787
283,2023-02-21T00:00:00,407.4,408.0,402.1,402.75,2880586,WIPRO,3787
284,2023-02-22T00:00:00,399.5,400.35,394.45,395.15,3441686,WIPRO,3787
285,2023-02-23T00:00:00,395.8,398.7,393.4,393.95,3039161,WIPRO,3787
286,2023-02-24T00:00:00,395.95,396.5,392.55,393.3,2553317,WIPRO,3787
287,2023-02-27T00:00:00,392.75,393.3,385.45,390.35,2777355,WIPRO,3787
288,2023-02-28T00:00:00,391.85,393.2,385.7,387.05,5030801,WIPRO,3787
289,2023-03-01T00:00:00,388.1,391.75,387.3,390.95,2271306,WIPRO,3787
290,2023-03-02T00:00:00,388.7,390.35,387.3,388.05,2219486,WIPRO,3787
291,2023-03-03T00:00:00,390.6,391.45,389.1,390.45,2196968,WIPRO,3787
292,2023-03-06T00:00:00,392.45,396.65,392.1,393.75,3363861,WIPRO,3787
293,2023-03-08T00:00:00,391.65,393.0,388.85,392.6,2454421,WIPRO,3787
294,2023-03-09T00:00:00,392.8,393.85,389.6,390.1,2078527,WIPRO,3787
295,2023-03-10T00:00:00,387.9,389.9,386.6,389.1,2283698,WIPRO,3787
296,2023-03-13T00:00:00,389.0,392.6,383.75,385.45,2991260,WIPRO,3787
297,2023-03-14T00:00:00,386.55,387.15,377.35,379.45,4047426,WIPRO,3787
298,2023-03-15T00:00:00,383.7,383.7,374.9,375.75,3843963,WIPRO,3787
299,2023-03-16T00:00:00,375.35,376.7,370.0,372.85,3843310,WIPRO,3787
300,2023-03-17T00:00:00,377.2,378.35,373.85,376.5,4522141,WIPRO,3787
301,2023-03-20T00:00:00,375.0,375.95,365.15,367.15,4092377,WIPRO,3787
302,2023-03-21T00:00:00,369.0,370.25,365.45,366.4,3605576,WIPRO,3787
303,2023-03-22T00:00:00,367.85,370.0,365.85,366.4,2687423,WIPRO,3787
304,2023-03-23T00:00:00,364.9,364.9,360.35,361.5,4742596,WIPRO,3787
305,2023-03-24T00:00:00,363.35,366.85,361.0,361.75,3953348,WIPRO,3787
306,2023-03-27T00:00:00,361.75,364.0,359.2,361.25,3113857,WIPRO,3787
307,2023-03-28T00:00:00,363.0,364.05,355.4,356.2,3906548,WIPRO,3787
308,2023-03-29T00:00:00,358.0,360.75,355.0,359.05,4411920,WIPRO,3787
309,2023-03-31T00:00:00,363.35,365.75,361.3,365.25,3957106,WIPRO,3787
310,2023-04-03T00:00:00,367.95,368.4,365.15,367.95,2026750,WIPRO,3787
311,2023-04-05T00:00:00,369.7,371.9,367.2,369.75,3221555,WIPRO,3787
312,2023-04-06T00:00:00,369.0,370.45,365.85,366.65,3214807,WIPRO,3787
313,2023-04-10T00:00:00,368.0,374.4,367.6,373.3,2812470,WIPRO,3787
314,2023-04-11T00:00:00,373.5,374.85,368.6,370.25,3392177,WIPRO,3787
315,2023-04-12T00:00:00,370.6,373.45,369.35,372.15,2789105,WIPRO,3787
316,2023-04-13T00:00:00,369.9,369.9,366.0,368.3,3362317,WIPRO,3787
317,2023-04-17T00:00:00,359.95,361.95,352.0,361.35,6801645,WIPRO,3787
318,2023-04-18T00:00:00,363.45,368.9,359.25,367.9,4012449,WIPRO,3787
319,2023-04-19T00:00:00,367.9,367.9,360.4,360.8,3737972,WIPRO,3787
320,2023-04-20T00:00:00,360.5,363.7,359.0,362.85,2211633,WIPRO,3787
321,2023-04-21T00:00:00,364.1,368.7,363.65,368.05,2649994,WIPRO,3787
322,2023-04-24T00:00:00,375.0,378.6,370.55,377.95,8889522,WIPRO,3787
323,2023-04-25T00:00:00,378.2,378.9,374.1,375.65,3764276,WIPRO,3787
324,2023-04-26T00:00:00,377.65,377.65,373.4,374.55,3504073,WIPRO,3787
325,2023-04-27T00:00:00,376.4,376.6,372.05,374.4,4245850,WIPRO,3787
326,2023-04-28T00:00:00,380.0,388.0,380.0,385.0,13854703,WIPRO,3787
327,2023-05-02T00:00:00,389.0,392.15,387.45,388.35,4873304,WIPRO,3787
328,2023-05-03T00:00:00,388.35,388.35,382.05,385.1,2414244,WIPRO,3787
329,2023-05-04T00:00:00,384.75,386.15,383.05,383.7,3126679,WIPRO,3787
330,2023-05-05T00:00:00,382.75,384.4,379.0,379.4,3951097,WIPRO,3787
331,2023-05-08T00:00:00,381.0,383.0,379.6,380.35,4806772,WIPRO,3787
332,2023-05-09T00:00:00,382.5,383.45,380.05,382.3,2858349,WIPRO,3787
333,2023-05-10T00:00:00,384.0,384.55,382.0,383.75,1835201,WIPRO,3787
334,2023-05-11T00:00:00,385.7,386.85,383.1,384.65,2024982,WIPRO,3787
335,2023-05-12T00:00:00,384.6,385.25,381.55,383.25,2290179,WIPRO,3787
336,2023-05-15T00:00:00,383.25,387.0,382.5,385.75,2544847,WIPRO,3787
337,2023-05-16T00:00:00,387.5,388.8,386.5,386.95,2029676,WIPRO,3787
338,2023-05-17T00:00:00,386.2,387.35,381.35,382.3,2688051,WIPRO,3787
339,2023-05-18T00:00:00,385.2,385.35,382.25,382.6,2118508,WIPRO,3787
340,2023-05-19T00:00:00,384.8,388.2,383.5,386.2,3640791,WIPRO,3787
341,2023-05-22T00:00:00,386.5,396.6,385.4,395.75,6098695,WIPRO,3787
342,2023-05-23T00:00:00,397.0,402.1,396.05,397.65,6362817,WIPRO,3787
343,2023-05-24T00:00:00,394.5,400.45,393.35,399.7,4128487,WIPRO,3787
344,2023-05-25T00:00:00,399.0,399.0,392.65,394.1,6802527,WIPRO,3787
345,2023-05-26T00:00:00,395.15,402.55,395.0,401.7,3963090,WIPRO,3787
346,2023-05-29T00:00:00,404.0,406.0,399.35,399.8,3979654,WIPRO,3787
347,2023-05-30T00:00:00,400.0,403.85,399.45,402.5,3689486,WIPRO,3787
348,2023-05-31T00:00:00,401.75,404.8,400.5,403.65,5891791,WIPRO,3787
349,2023-06-01T00:00:00,405.0,408.0,404.05,407.15,3532742,WIPRO,3787
350,2023-06-02T00:00:00,408.7,409.8,404.0,404.95,3160377,WIPRO,3787
351,2023-06-05T00:00:00,408.9,409.75,403.7,404.2,3626430,WIPRO,3787
352,2023-06-06T00:00:00,403.35,403.35,395.55,399.95,6853700,WIPRO,3787
353,2023-06-07T00:00:00,402.4,403.6,401.0,402.8,4107930,WIPRO,3787
354,2023-06-08T00:00:00,404.1,404.75,398.75,399.55,5307526,WIPRO,3787
355,2023-06-09T00:00:00,399.45,400.35,396.05,397.3,6009116,WIPRO,3787
356,2023-06-12T00:00:00,399.8,399.8,394.6,395.6,5986811,WIPRO,3787
357,2023-06-13T00:00:00,397.95,398.5,394.5,395.55,6508093,WIPRO,3787
358,2023-06-14T00:00:00,396.3,397.15,392.7,396.45,9256282,WIPRO,3787
359,2023-06-15T00:00:00,397.1,397.45,388.25,388.95,14351160,WIPRO,3787
360,2023-06-16T00:00:00,385.55,388.65,379.15,381.3,20555324,WIPRO,3787
361,2023-06-19T00:00:00,382.0,382.0,377.1,380.15,5314720,WIPRO,3787
362,2023-06-20T00:00:00,381.8,384.95,380.6,382.5,5901329,WIPRO,3787
363,2023-06-21T00:00:00,384.25,387.25,383.1,385.5,4414632,WIPRO,3787
364,2023-06-22T00:00:00,386.0,386.0,381.6,382.3,4678087,WIPRO,3787
365,2023-06-23T00:00:00,382.3,383.0,378.1,379.95,3235203,WIPRO,3787
366,2023-06-26T00:00:00,380.0,381.9,379.05,380.9,2050200,WIPRO,3787
367,2023-06-27T00:00:00,384.25,384.25,381.5,382.6,2940375,WIPRO,3787
368,2023-06-28T00:00:00,383.75,383.75,380.8,381.7,3570056,WIPRO,3787
369,2023-06-30T00:00:00,385.0,389.75,383.0,389.15,4535405,WIPRO,3787
370,2023-07-03T00:00:00,393.9,393.9,389.5,391.6,4518462,WIPRO,3787
371,2023-07-04T00:00:00,393.75,397.35,393.0,395.95,6308617,WIPRO,3787
372,2023-07-05T00:00:00,394.1,395.4,391.85,393.9,6183479,WIPRO,3787
373,2023-07-06T00:00:00,394.5,396.95,393.15,396.2,4518621,WIPRO,3787
374,2023-07-07T00:00:00,395.0,397.45,393.2,395.85,4532610,WIPRO,3787
375,2023-07-10T00:00:00,395.85,395.85,389.65,389.95,2815200,WIPRO,3787
376,2023-07-11T00:00:00,390.0,392.8,387.85,392.05,4817419,WIPRO,3787
377,2023-07-12T00:00:00,393.9,393.95,390.35,391.85,3424110,WIPRO,3787
378,2023-07-13T00:00:00,391.85,398.6,391.25,394.3,6797863,WIPRO,3787
379,2023-07-14T00:00:00,394.75,405.5,392.35,405.05,15683392,WIPRO,3787
380,2023-07-17T00:00:00,407.0,424.95,405.8,415.25,22879930,WIPRO,3787
381,2023-07-18T00:00:00,418.0,420.3,412.25,417.2,8884513,WIPRO,3787
382,2023-07-19T00:00:00,420.0,421.0,414.15,417.95,5415495,WIPRO,3787
383,2023-07-20T00:00:00,418.5,420.0,414.65,417.65,4127855,WIPRO,3787
384,2023-07-21T00:00:00,405.0,414.35,401.0,404.7,11757106,WIPRO,3787
385,2023-07-24T00:00:00,406.3,408.0,403.5,404.05,3404230,WIPRO,3787
386,2023-07-25T00:00:00,405.5,405.5,400.0,400.4,3229100,WIPRO,3787
387,2023-07-26T00:00:00,403.5,403.6,401.4,402.75,2664831,WIPRO,3787
388,2023-07-27T00:00:00,404.0,406.6,399.0,399.95,4474179,WIPRO,3787
389,2023-07-28T00:00:00,401.05,402.85,396.55,398.75,3380030,WIPRO,3787
390,2023-07-31T00:00:00,399.75,406.0,398.95,405.05,3381090,WIPRO,3787
391,2023-08-01T00:00:00,405.5,408.0,404.05,406.95,3590902,WIPRO,3787
392,2023-08-02T00:00:00,405.9,405.9,399.0,402.8,2699809,WIPRO,3787
393,2023-08-03T00:00:00,402.0,402.0,397.05,399.65,3410849,WIPRO,3787
394,2023-08-04T00:00:00,400.85,410.0,400.3,408.85,6240770,WIPRO,3787
395,2023-08-07T00:00:00,409.95,413.0,408.05,411.15,4411433,WIPRO,3787
396,2023-08-08T00:00:00,412.4,417.5,409.95,416.35,7862142,WIPRO,3787
397,2023-08-09T00:00:00,415.5,418.5,412.55,417.8,4654694,WIPRO,3787
398,2023-08-10T00:00:00,417.1,420.8,415.55,418.65,4950822,WIPRO,3787
399,2023-08-11T00:00:00,418.65,422.15,412.35,413.05,3785734,WIPRO,3787
400,2023-08-14T00:00:00,413.25,416.2,409.5,415.15,2896090,WIPRO,3787
401,2023-08-16T00:00:00,414.15,420.2,414.0,418.65,4065890,WIPRO,3787
402,2023-08-17T00:00:00,418.65,420.4,414.5,417.55,3170480,WIPRO,3787
403,2023-08-18T00:00:00,415.05,416.35,408.0,411.7,5301196,WIPRO,3787
404,2023-08-21T00:00:00,411.8,417.35,411.65,414.6,3667130,WIPRO,3787
405,2023-08-22T00:00:00,415.0,418.1,412.75,417.1,3175120,WIPRO,3787
406,2023-08-23T00:00:00,417.25,417.95,414.6,415.25,3067117,WIPRO,3787
407,2023-08-24T00:00:00,418.75,420.0,412.0,412.7,2888478,WIPRO,3787
408,2023-08-25T00:00:00,410.0,411.3,407.1,409.7,3299255,WIPRO,3787
409,2023-08-28T00:00:00,411.45,412.45,407.65,408.05,1700987,WIPRO,3787
410,2023-08-29T00:00:00,409.65,411.9,407.1,408.1,1999281,WIPRO,3787
411,2023-08-30T00:00:00,410.0,410.2,406.65,407.2,2009091,WIPRO,3787
412,2023-08-31T00:00:00,408.0,410.0,406.45,408.4,11030976,WIPRO,3787
413,2023-09-01T00:00:00,407.95,417.75,407.5,416.35,4238065,WIPRO,3787
414,2023-09-04T00:00:00,418.0,436.5,416.0,434.1,13817324,WIPRO,3787
415,2023-09-05T00:00:00,435.8,437.5,430.3,431.85,8986713,WIPRO,3787
416,2023-09-06T00:00:00,433.75,435.55,425.9,429.3,6765956,WIPRO,3787
417,2023-09-07T00:00:00,429.95,433.7,426.75,432.85,4661325,WIPRO,3787
418,2023-09-08T00:00:00,433.45,433.45,429.3,430.0,2874205,WIPRO,3787
419,2023-09-11T00:00:00,433.0,437.5,430.1,434.85,4126657,WIPRO,3787
420,2023-09-12T00:00:00,437.1,441.5,426.9,435.0,7272664,WIPRO,3787
421,2023-09-13T00:00:00,434.95,437.95,431.5,435.7,3722835,WIPRO,3787
422,2023-09-14T00:00:00,438.4,443.25,435.3,436.45,7447505,WIPRO,3787
423,2023-09-15T00:00:00,439.8,443.75,438.25,441.05,9917938,WIPRO,3787
424,2023-09-18T00:00:00,441.05,441.05,435.2,436.1,3012598,WIPRO,3787
425,2023-09-20T00:00:00,434.25,436.85,429.05,430.1,4551350,WIPRO,3787
426,2023-09-21T00:00:00,429.9,431.25,423.05,428.95,4446535,WIPRO,3787
427,2023-09-22T00:00:00,424.4,426.75,416.6,418.5,9909130,WIPRO,3787
428,2023-09-25T00:00:00,418.5,419.75,412.0,414.1,4650566,WIPRO,3787
429,2023-09-26T00:00:00,416.8,416.8,411.7,412.9,3240283,WIPRO,3787
430,2023-09-27T00:00:00,412.25,416.55,410.3,415.65,3886997,WIPRO,3787
431,2023-09-28T00:00:00,416.5,416.5,404.0,405.35,8438058,WIPRO,3787
432,2023-09-29T00:00:00,405.0,409.25,401.5,406.05,6390136,WIPRO,3787
433,2023-10-03T00:00:00,406.45,408.1,403.6,405.45,2864052,WIPRO,3787
434,2023-10-04T00:00:00,402.7,405.45,400.65,404.9,3452935,WIPRO,3787
435,2023-10-05T00:00:00,407.95,410.4,405.0,406.8,4062652,WIPRO,3787
436,2023-10-06T00:00:00,408.0,409.8,406.95,407.85,3182502,WIPRO,3787
437,2023-10-09T00:00:00,404.2,411.0,403.4,405.6,3015225,WIPRO,3787
438,2023-10-10T00:00:00,406.4,408.75,406.2,407.75,2564007,WIPRO,3787
439,2023-10-11T00:00:00,409.0,423.95,409.0,421.15,9546114,WIPRO,3787
440,2023-10-12T00:00:00,421.75,421.9,414.7,417.1,5117199,WIPRO,3787
441,2023-10-13T00:00:00,411.9,414.4,409.05,411.05,5457027,WIPRO,3787
442,2023-10-16T00:00:00,411.0,411.9,408.15,410.2,2638826,WIPRO,3787
443,2023-10-17T00:00:00,411.7,413.85,411.05,411.4,2989694,WIPRO,3787
444,2023-10-18T00:00:00,409.0,413.65,407.0,407.45,2440533,WIPRO,3787
445,2023-10-19T00:00:00,391.95,396.75,390.1,395.3,12814551,WIPRO,3787
446,2023-10-20T00:00:00,395.05,396.05,391.0,391.85,4214668,WIPRO,3787
447,2023-10-23T00:00:00,390.85,393.0,382.2,383.15,4418913,WIPRO,3787
448,2023-10-25T00:00:00,384.4,387.7,381.1,381.85,3339147,WIPRO,3787
449,2023-10-26T00:00:00,378.8,380.55,375.05,378.25,5497791,WIPRO,3787
450,2023-10-27T00:00:00,379.05,384.35,379.05,382.35,3101406,WIPRO,3787
451,2023-10-30T00:00:00,384.0,384.35,380.4,382.0,2344372,WIPRO,3787
452,2023-10-31T00:00:00,383.2,384.1,379.15,381.8,3076768,WIPRO,3787
453,2023-11-01T00:00:00,383.85,385.55,380.15,380.95,2120976,WIPRO,3787
454,2023-11-02T00:00:00,383.8,385.15,382.1,383.65,2371365,WIPRO,3787
455,2023-11-03T00:00:00,386.0,386.7,382.65,383.55,2645764,WIPRO,3787
456,2023-11-06T00:00:00,386.0,386.45,383.0,384.65,2469968,WIPRO,3787
457,2023-11-07T00:00:00,384.9,387.0,382.85,383.3,2846089,WIPRO,3787
458,2023-11-08T00:00:00,384.6,385.85,381.5,382.2,3551026,WIPRO,3787
459,2023-11-09T00:00:00,383.0,384.0,379.7,380.85,4615563,WIPRO,3787
460,2023-11-10T00:00:00,380.3,381.8,377.0,379.3,5355350,WIPRO,3787
461,2023-11-12T00:00:00,383.4,383.4,381.45,382.45,1011662,WIPRO,3787
462,2023-11-13T00:00:00,382.6,382.9,380.0,381.65,1792951,WIPRO,3787
463,2023-11-15T00:00:00,385.55,392.25,384.25,391.65,5396259,WIPRO,3787
464,2023-11-16T00:00:00,391.65,399.5,389.3,397.1,6921788,WIPRO,3787
465,2023-11-17T00:00:00,398.0,399.0,394.5,395.4,3943464,WIPRO,3787
466,2023-11-20T00:00:00,393.2,401.1,393.2,400.2,4305248,WIPRO,3787
467,2023-11-21T00:00:00,402.6,402.6,400.05,400.65,2720124,WIPRO,3787
468,2023-11-22T00:00:00,402.5,402.6,399.1,400.25,2659291,WIPRO,3787
469,2023-11-23T00:00:00,400.5,405.0,400.5,402.5,4838680,WIPRO,3787
470,2023-11-24T00:00:00,402.5,403.5,395.55,396.0,3125283,WIPRO,3787
471,2023-11-28T00:00:00,397.0,398.75,393.1,396.85,4072657,WIPRO,3787
472,2023-11-29T00:00:00,398.0,408.55,398.0,406.25,7772043,WIPRO,3787
473,2023-11-30T00:00:00,406.95,414.5,404.05,413.05,9912979,WIPRO,3787
474,2023-12-01T00:00:00,413.75,413.75,406.5,407.65,4915213,WIPRO,3787
475,2023-12-04T00:00:00,412.7,413.0,406.75,407.45,5331236,WIPRO,3787
476,2023-12-05T00:00:00,407.4,409.0,402.1,404.35,5582684,WIPRO,3787
477,2023-12-06T00:00:00,406.75,420.4,405.95,418.75,11041035,WIPRO,3787
478,2023-12-07T00:00:00,420.0,421.5,416.65,418.25,5625276,WIPRO,3787
479,2023-12-08T00:00:00,418.8,424.5,415.0,422.6,7739561,WIPRO,3787
480,2023-12-11T00:00:00,420.0,422.2,417.25,420.6,5042121,WIPRO,3787
481,2023-12-12T00:00:00,420.7,427.9,420.15,422.2,5951682,WIPRO,3787
482,2023-12-13T00:00:00,423.55,424.3,415.0,419.65,4848408,WIPRO,3787
483,2023-12-14T00:00:00,423.5,436.0,423.25,434.4,12340688,WIPRO,3787
484,2023-12-15T00:00:00,436.05,449.5,433.5,446.55,20783617,WIPRO,3787
485,2023-12-18T00:00:00,446.0,453.5,442.0,445.25,10091036,WIPRO,3787
486,2023-12-19T00:00:00,445.6,447.35,435.0,438.7,8032347,WIPRO,3787
487,2023-12-20T00:00:00,442.0,449.5,429.35,431.95,13224971,WIPRO,3787
488,2023-12-21T00:00:00,428.9,436.5,427.2,434.0,5331504,WIPRO,3787
489,2023-12-22T00:00:00,435.3,466.3,434.0,462.65,23040407,WIPRO,3787
490,2023-12-26T00:00:00,454.0,475.8,448.35,470.1,27314322,WIPRO,3787
491,2023-12-27T00:00:00,468.5,475.4,464.1,470.95,12631496,WIPRO,3787
492,2023-12-28T00:00:00,472.55,477.4,467.65,469.45,8419978,WIPRO,3787
493,2023-12-29T00:00:00,470.95,475.35,466.1,471.3,7980570,WIPRO,3787
494,2024-01-01T00:00:00,473.0,483.5,468.3,477.15,10173639,WIPRO,3787
495,2024-01-02T00:00:00,478.0,478.0,464.3,469.2,7141257,WIPRO,3787
496,2024-01-03T00:00:00,463.9,463.9,455.0,455.9,9767182,WIPRO,3787
497,2024-01-04T00:00:00,457.0,459.85,451.4,452.4,7585168,WIPRO,3787
498,2024-01-05T00:00:00,455.05,463.0,453.5,456.6,8444565,WIPRO,3787
499,2024-01-08T00:00:00,457.5,460.0,449.05,450.35,5041443,WIPRO,3787
500,2024-01-09T00:00:00,458.0,462.5,449.95,450.75,7232524,WIPRO,3787
501,2024-01-10T00:00:00,451.45,456.0,449.0,453.6,4437338,WIPRO,3787
502,2024-01-11T00:00:00,454.95,456.9,446.7,448.2,4319409,WIPRO,3787
503,2024-01-12T00:00:00,455.0,469.0,455.0,465.45,18043367,WIPRO,3787
504,2024-01-15T00:00:00,511.95,529.0,489.15,494.6,63922132,WIPRO,3787
505,2024-01-16T00:00:00,495.0,495.0,480.5,485.0,12956246,WIPRO,3787
506,2024-01-17T00:00:00,475.15,491.5,472.0,482.4,14334466,WIPRO,3787
507,2024-01-18T00:00:00,482.4,489.0,468.4,482.65,13072462,WIPRO,3787
508,2024-01-19T00:00:00,488.0,493.35,483.6,485.05,7749310,WIPRO,3787
509,2024-01-20T00:00:00,486.4,488.9,469.05,477.95,6045801,WIPRO,3787
510,2024-01-23T00:00:00,478.05,486.0,467.05,469.9,9986168,WIPRO,3787
511,2024-01-24T00:00:00,471.0,479.0,468.05,478.05,5854375,WIPRO,3787
512,2024-01-25T00:00:00,478.05,479.35,468.55,470.0,6426490,WIPRO,3787
513,2024-01-29T00:00:00,470.0,477.0,470.0,473.0,5025650,WIPRO,3787
514,2024-01-30T00:00:00,474.4,482.9,471.5,472.5,5914007,WIPRO,3787
515,2024-01-31T00:00:00,472.5,479.9,469.0,478.15,5292240,WIPRO,3787
516,2024-02-01T00:00:00,477.55,477.7,470.6,471.35,3914060,WIPRO,3787
517,2024-02-02T00:00:00,475.0,486.5,475.0,483.15,8148111,WIPRO,3787
518,2024-02-05T00:00:00,483.0,489.5,479.15,482.35,5783302,WIPRO,3787
519,2024-02-06T00:00:00,484.7,501.8,483.1,499.65,14512019,WIPRO,3787
520,2024-02-07T00:00:00,500.95,501.7,492.55,495.2,4551767,WIPRO,3787
521,2024-02-08T00:00:00,495.9,500.1,485.1,488.85,5651920,WIPRO,3787
522,2024-02-09T00:00:00,490.9,494.75,482.75,490.45,3946894,WIPRO,3787
523,2024-02-12T00:00:00,491.0,510.8,491.0,501.45,24436750,WIPRO,3787
524,2024-02-13T00:00:00,503.1,513.0,491.7,511.6,11186788,WIPRO,3787
525,2024-02-14T00:00:00,503.95,517.0,497.05,514.5,11297328,WIPRO,3787
526,2024-02-15T00:00:00,516.95,522.85,513.05,518.5,7285388,WIPRO,3787
527,2024-02-16T00:00:00,522.5,545.0,520.95,543.0,17471322,WIPRO,3787
528,2024-02-19T00:00:00,545.9,545.9,531.35,535.95,9301379,WIPRO,3787
529,2024-02-20T00:00:00,535.8,538.15,526.25,531.95,5187063,WIPRO,3787
530,2024-02-21T00:00:00,535.9,536.3,519.5,521.4,6557787,WIPRO,3787
531,2024-02-22T00:00:00,522.8,533.0,521.45,531.05,7298241,WIPRO,3787
532,2024-02-23T00:00:00,535.0,541.25,533.3,536.15,9930497,WIPRO,3787
533,2024-02-26T00:00:00,536.25,536.5,526.05,532.9,4410318,WIPRO,3787
534,2024-02-27T00:00:00,534.0,537.4,527.55,531.45,5199630,WIPRO,3787
535,2024-02-28T00:00:00,530.0,530.95,515.0,517.7,6394528,WIPRO,3787
536,2024-02-29T00:00:00,517.3,524.25,513.2,518.6,7231382,WIPRO,3787
537,2024-03-01T00:00:00,522.4,525.2,517.55,519.1,4710315,WIPRO,3787
538,2024-03-02T00:00:00,523.45,524.8,522.0,522.85,340134,WIPRO,3787
539,2024-03-04T00:00:00,522.95,526.4,518.55,520.5,2831185,WIPRO,3787
540,2024-03-05T00:00:00,517.75,520.5,510.65,513.3,5260774,WIPRO,3787
541,2024-03-06T00:00:00,513.7,514.85,500.0,513.15,5545961,WIPRO,3787
542,2024-03-07T00:00:00,513.75,520.4,510.5,515.5,4853991,WIPRO,3787
543,2024-03-11T00:00:00,517.4,518.95,512.3,514.55,5565756,WIPRO,3787
544,2024-03-12T00:00:00,512.75,522.5,507.75,510.85,5826380,WIPRO,3787
545,2024-03-13T00:00:00,513.8,518.7,496.8,504.4,6790240,WIPRO,3787
546,2024-03-14T00:00:00,501.15,518.9,495.15,517.95,6412736,WIPRO,3787
547,2024-03-15T00:00:00,514.75,518.25,506.4,517.0,6824543,WIPRO,3787
548,2024-03-18T00:00:00,518.0,518.55,509.0,510.2,3196980,WIPRO,3787
549,2024-03-19T00:00:00,509.0,509.0,493.15,494.85,4808693,WIPRO,3787
550,2024-03-20T00:00:00,496.05,501.25,489.2,493.5,4192672,WIPRO,3787
551,2024-03-21T00:00:00,499.65,505.3,498.45,500.45,5822290,WIPRO,3787
552,2024-03-22T00:00:00,489.25,490.75,479.55,487.1,14323251,WIPRO,3787
553,2024-03-26T00:00:00,486.0,490.95,479.05,479.85,9136673,WIPRO,3787
554,2024-03-27T00:00:00,479.7,480.95,471.25,472.3,7160334,WIPRO,3787
555,2024-03-28T00:00:00,476.7,483.05,475.3,480.1,7727575,WIPRO,3787
556,2024-04-01T00:00:00,483.7,486.4,481.55,484.95,3020504,WIPRO,3787
557,2024-04-02T00:00:00,481.95,482.7,479.6,481.2,3466327,WIPRO,3787
558,2024-04-03T00:00:00,480.0,487.7,475.95,483.2,6897258,WIPRO,3787
559,2024-04-04T00:00:00,485.8,491.95,479.6,487.4,8002023,WIPRO,3787
560,2024-04-05T00:00:00,486.5,487.15,482.55,485.05,3207172,WIPRO,3787
561,2024-04-08T00:00:00,490.0,491.6,478.2,479.9,13320385,WIPRO,3787
562,2024-04-09T00:00:00,483.95,485.25,475.2,475.8,7900625,WIPRO,3787
563,2024-04-10T00:00:00,477.5,479.45,473.1,477.3,5385767,WIPRO,3787
564,2024-04-12T00:00:00,475.0,480.0,470.0,470.75,6585023,WIPRO,3787
565,2024-04-15T00:00:00,466.45,468.35,458.2,459.35,6088236,WIPRO,3787
566,2024-04-16T00:00:00,453.05,458.5,444.8,448.35,10719712,WIPRO,3787
567,2024-04-18T00:00:00,452.5,455.45,442.85,444.35,10993129,WIPRO,3787
568,2024-04-19T00:00:00,440.0,453.9,437.0,452.75,10235053,WIPRO,3787
569,2024-04-22T00:00:00,452.75,466.15,450.0,462.0,9440870,WIPRO,3787
570,2024-04-23T00:00:00,466.8,466.8,460.2,462.1,5161356,WIPRO,3787
571,2024-04-24T00:00:00,463.9,464.65,458.6,459.9,2957584,WIPRO,3787
572,2024-04-25T00:00:00,458.9,462.55,455.8,461.0,5902545,WIPRO,3787
573,2024-04-26T00:00:00,461.9,475.8,461.6,464.6,10739147,WIPRO,3787
574,2024-04-29T00:00:00,467.65,468.0,461.6,462.95,3624970,WIPRO,3787
575,2024-04-30T00:00:00,463.0,466.75,461.5,462.4,4451478,WIPRO,3787
576,2024-05-02T00:00:00,462.4,463.0,455.45,457.4,7468638,WIPRO,3787
577,2024-05-03T00:00:00,460.4,462.0,453.2,457.35,4865313,WIPRO,3787
578,2024-05-06T00:00:00,458.8,462.6,456.0,458.65,3459063,WIPRO,3787
579,2024-05-07T00:00:00,461.8,465.35,454.0,463.9,4639264,WIPRO,3787
580,2024-05-08T00:00:00,465.0,466.4,461.3,463.2,4102840,WIPRO,3787
581,2024-05-09T00:00:00,461.75,464.4,454.05,455.9,4616742,WIPRO,3787
582,2024-05-10T00:00:00,456.05,457.5,450.3,451.85,3327357,WIPRO,3787
583,2024-05-13T00:00:00,451.85,453.25,445.0,451.95,3555804,WIPRO,3787
584,2024-05-14T00:00:00,452.7,459.9,452.2,456.35,2454710,WIPRO,3787
585,2024-05-15T00:00:00,456.35,459.75,454.65,458.3,2396712,WIPRO,3787
586,2024-05-16T00:00:00,462.0,467.5,456.1,464.45,7310736,WIPRO,3787
587,2024-05-17T00:00:00,464.4,464.4,460.05,461.0,3438410,WIPRO,3787
588,2024-05-18T00:00:00,460.7,463.15,459.15,462.55,439806,WIPRO,3787
589,2024-05-21T00:00:00,463.0,464.8,459.7,460.9,4233724,WIPRO,3787
590,2024-05-22T00:00:00,462.9,463.45,458.85,461.3,3882942,WIPRO,3787
591,2024-05-23T00:00:00,462.5,468.0,461.75,465.8,6585666,WIPRO,3787
592,2024-05-24T00:00:00,467.0,470.5,462.0,463.65,4102763,WIPRO,3787
593,2024-05-27T00:00:00,462.0,462.15,451.6,452.45,20491879,WIPRO,3787
594,2024-05-28T00:00:00,454.0,457.25,453.1,456.05,7889063,WIPRO,3787
595,2024-05-29T00:00:00,454.0,455.5,449.5,450.8,4878018,WIPRO,3787
596,2024-05-30T00:00:00,449.0,449.5,435.1,436.95,10362284,WIPRO,3787
597,2024-05-31T00:00:00,437.55,442.15,435.5,438.2,10719002,WIPRO,3787
598,2024-06-03T00:00:00,450.2,450.55,441.55,444.1,4482212,WIPRO,3787
599,2024-06-04T00:00:00,445.9,445.9,417.0,438.15,8865366,WIPRO,3787
600,2024-06-05T00:00:00,439.7,455.0,439.05,451.5,6133714,WIPRO,3787
601,2024-06-06T00:00:00,454.95,462.0,452.6,461.0,7712784,WIPRO,3787
602,2024-06-07T00:00:00,470.0,486.4,468.3,484.55,36336220,WIPRO,3787
603,2024-06-10T00:00:00,488.4,488.4,473.35,475.25,9155876,WIPRO,3787
604,2024-06-11T00:00:00,479.2,479.2,474.35,476.05,4685857,WIPRO,3787
605,2024-06-12T00:00:00,478.0,484.4,475.55,476.9,6937558,WIPRO,3787
606,2024-06-13T00:00:00,480.0,485.35,478.15,482.6,6497966,WIPRO,3787
607,2024-06-14T00:00:00,485.0,485.6,476.2,477.5,5661298,WIPRO,3787
608,2024-06-18T00:00:00,481.0,493.0,480.05,491.85,15935492,WIPRO,3787
609,2024-06-19T00:00:00,492.25,497.15,486.75,495.75,10440142,WIPRO,3787
610,2024-06-20T00:00:00,497.5,497.5,488.25,490.4,6285563,WIPRO,3787
611,2024-06-21T00:00:00,497.95,500.95,489.1,490.55,47585588,WIPRO,3787
612,2024-06-24T00:00:00,490.1,494.9,489.45,490.55,4967259,WIPRO,3787
613,2024-06-25T00:00:00,490.55,498.0,489.3,496.85,4629105,WIPRO,3787
614,2024-06-26T00:00:00,496.85,499.9,493.8,495.2,6406045,WIPRO,3787
615,2024-06-27T00:00:00,492.15,511.95,489.2,510.8,21068569,WIPRO,3787
616,2024-06-28T00:00:00,512.0,516.3,505.85,514.85,8202916,WIPRO,3787
617,2024-07-01T00:00:00,517.9,535.8,514.1,527.35,15378764,WIPRO,3787
618,2024-07-02T00:00:00,529.3,545.0,528.3,538.2,18138484,WIPRO,3787
619,2024-07-03T00:00:00,541.9,545.45,535.5,539.0,8024692,WIPRO,3787
620,2024-07-04T00:00:00,541.4,548.8,529.1,530.7,9762316,WIPRO,3787
621,2024-07-05T00:00:00,531.35,536.5,529.45,535.1,5188045,WIPRO,3787
622,2024-07-08T00:00:00,535.95,543.0,535.0,541.2,6088180,WIPRO,3787
623,2024-07-09T00:00:00,544.0,544.95,537.6,541.0,4340722,WIPRO,3787
624,2024-07-10T00:00:00,541.0,543.35,531.75,535.55,4616874,WIPRO,3787
625,2024-07-11T00:00:00,536.7,539.55,530.0,534.1,4403809,WIPRO,3787
626,2024-07-12T00:00:00,545.0,564.8,541.55,560.15,27093021,WIPRO,3787
627,2024-07-15T00:00:00,566.9,566.9,556.15,559.7,8049739,WIPRO,3787
628,2024-07-16T00:00:00,561.85,562.6,556.4,559.7,5619531,WIPRO,3787
629,2024-07-18T00:00:00,556.55,574.4,556.35,573.2,12509893,WIPRO,3787
630,2024-07-22T00:00:00,521.0,526.75,501.55,505.8,38007284,WIPRO,3787
631,2024-07-23T00:00:00,508.0,508.0,486.35,500.55,12923816,WIPRO,3787
632,2024-07-24T00:00:00,502.5,506.35,499.85,500.1,6120138,WIPRO,3787
633,2024-07-25T00:00:00,496.0,507.5,493.3,506.85,10943945,WIPRO,3787
634,2024-07-26T00:00:00,510.0,528.55,508.5,524.8,13076998,WIPRO,3787
635,2024-07-29T00:00:00,528.0,530.55,522.85,524.4,6005777,WIPRO,3787
636,2024-07-30T00:00:00,524.4,526.95,519.75,521.5,5408263,WIPRO,3787
637,2024-07-31T00:00:00,521.8,524.9,519.45,522.0,3879254,WIPRO,3787
638,2024-08-01T00:00:00,523.0,526.8,517.5,521.55,5379876,WIPRO,3787
639,2024-08-02T00:00:00,515.0,519.25,501.0,502.15,7826114,WIPRO,3787
640,2024-08-05T00:00:00,490.0,495.85,480.25,485.0,10969040,WIPRO,3787
641,2024-08-06T00:00:00,489.75,499.35,486.6,489.5,5635792,WIPRO,3787
642,2024-08-07T00:00:00,498.7,500.1,492.65,497.4,3539913,WIPRO,3787
643,2024-08-08T00:00:00,494.0,494.0,486.35,487.3,6580285,WIPRO,3787
644,2024-08-09T00:00:00,495.35,496.45,489.65,491.3,3032974,WIPRO,3787
645,2024-08-12T00:00:00,491.55,494.0,487.4,489.05,3669234,WIPRO,3787
646,2024-08-13T00:00:00,489.05,492.7,487.15,490.5,3144709,WIPRO,3787
647,2024-08-14T00:00:00,493.0,496.85,490.45,495.15,5560878,WIPRO,3787
648,2024-08-16T00:00:00,501.0,517.45,497.95,516.25,12965570,WIPRO,3787
649,2024-08-19T00:00:00,516.0,523.2,513.7,519.75,5733281,WIPRO,3787
650,2024-08-20T00:00:00,519.9,527.6,519.65,524.65,4771906,WIPRO,3787
651,2024-08-21T00:00:00,523.4,528.1,521.05,526.35,3227201,WIPRO,3787
652,2024-08-22T00:00:00,527.8,530.55,518.05,519.0,5748253,WIPRO,3787
653,2024-08-23T00:00:00,519.9,521.45,511.35,512.4,5638853,WIPRO,3787
654,2024-08-26T00:00:00,516.0,524.8,515.95,520.0,8675690,WIPRO,3787
655,2024-08-27T00:00:00,520.0,523.25,516.0,517.15,3982898,WIPRO,3787
656,2024-08-28T00:00:00,520.0,538.1,517.85,534.6,17187783,WIPRO,3787
657,2024-08-29T00:00:00,535.0,541.95,534.05,538.7,12842659,WIPRO,3787
658,2024-08-30T00:00:00,541.7,542.0,535.7,538.4,9717402,WIPRO,3787
659,2024-09-02T00:00:00,538.4,542.0,531.85,532.45,7867991,WIPRO,3787
660,2024-09-03T00:00:00,533.0,540.85,529.5,536.05,7528343,WIPRO,3787
661,2024-09-04T00:00:00,528.0,528.25,516.75,519.15,10201064,WIPRO,3787
662,2024-09-05T00:00:00,521.2,526.0,519.5,524.85,6034559,WIPRO,3787
663,2024-09-06T00:00:00,524.85,529.9,518.45,520.6,7289977,WIPRO,3787
664,2024-09-09T00:00:00,517.1,521.75,513.45,514.85,5959770,WIPRO,3787
665,2024-09-10T00:00:00,516.8,528.0,514.0,525.75,5143636,WIPRO,3787
666,2024-09-11T00:00:00,525.0,526.25,513.25,514.35,4130762,WIPRO,3787
667,2024-09-12T00:00:00,520.45,532.0,517.75,530.05,7889737,WIPRO,3787
668,2024-09-13T00:00:00,533.8,552.5,530.85,550.6,17959853,WIPRO,3787
669,2024-09-16T00:00:00,553.0,556.85,549.0,551.9,5544289,WIPRO,3787
670,2024-09-17T00:00:00,549.0,554.9,547.05,551.9,4364119,WIPRO,3787
671,2024-09-18T00:00:00,549.05,549.05,532.65,538.15,8332760,WIPRO,3787
672,2024-09-19T00:00:00,544.2,551.45,529.15,533.35,10484591,WIPRO,3787
673,2024-09-20T00:00:00,537.9,540.75,531.0,539.1,8332116,WIPRO,3787
674,2024-09-23T00:00:00,539.1,540.4,532.0,534.9,4272145,WIPRO,3787
675,2024-09-24T00:00:00,532.2,541.9,529.35,539.55,6177847,WIPRO,3787
676,2024-09-25T00:00:00,538.8,539.4,530.75,536.2,4032598,WIPRO,3787
677,2024-09-26T00:00:00,538.7,543.1,535.7,541.9,5701700,WIPRO,3787
678,2024-09-27T00:00:00,548.9,558.9,540.7,541.8,13231192,WIPRO,3787
679,2024-09-30T00:00:00,538.0,544.5,534.0,541.45,4099723,WIPRO,3787
680,2024-10-01T00:00:00,540.2,549.6,540.2,546.75,4705637,WIPRO,3787
681,2024-10-03T00:00:00,540.1,542.4,526.25,530.15,7017684,WIPRO,3787
682,2024-10-04T00:00:00,528.05,541.95,528.05,533.55,5961377,WIPRO,3787
683,2024-10-07T00:00:00,538.0,541.7,525.95,531.45,4939037,WIPRO,3787
684,2024-10-08T00:00:00,531.55,533.8,520.3,526.95,5751402,WIPRO,3787
685,2024-10-09T00:00:00,529.8,538.7,528.5,531.15,4420844,WIPRO,3787
686,2024-10-10T00:00:00,535.0,537.6,523.45,525.0,6310122,WIPRO,3787
687,2024-10-11T00:00:00,520.35,534.4,520.35,528.3,4218491,WIPRO,3787
688,2024-10-14T00:00:00,538.7,551.85,536.3,549.55,16568133,WIPRO,3787
689,2024-10-15T00:00:00,552.85,552.85,530.85,532.95,10800626,WIPRO,3787
690,2024-10-16T00:00:00,533.0,538.8,529.0,532.15,6276811,WIPRO,3787
691,2024-10-17T00:00:00,534.95,538.0,525.05,528.75,11877639,WIPRO,3787
692,2024-10-18T00:00:00,532.0,558.4,524.8,548.65,37326527,WIPRO,3787
693,2024-10-21T00:00:00,551.6,561.9,547.0,548.1,11983482,WIPRO,3787
694,2024-10-22T00:00:00,549.8,555.5,543.85,545.45,9239150,WIPRO,3787
695,2024-10-23T00:00:00,547.5,554.5,542.2,547.2,6349288,WIPRO,3787
696,2024-10-24T00:00:00,547.2,550.5,545.15,546.9,4788302,WIPRO,3787
697,2024-10-25T00:00:00,549.75,552.0,540.5,543.45,5062270,WIPRO,3787
698,2024-10-28T00:00:00,543.45,559.8,542.7,558.6,5592929,WIPRO,3787
699,2024-10-29T00:00:00,559.8,563.4,553.25,562.2,6027815,WIPRO,3787
700,2024-10-30T00:00:00,562.5,578.75,561.1,565.25,10377746,WIPRO,3787
701,2024-10-31T00:00:00,564.8,566.3,548.3,551.8,7840047,WIPRO,3787
702,2024-11-01T00:00:00,551.7,554.9,550.0,551.35,981405,WIPRO,3787
703,2024-11-04T00:00:00,551.0,552.45,534.2,540.8,4927780,WIPRO,3787
704,2024-11-05T00:00:00,543.0,545.35,540.4,543.7,3431130,WIPRO,3787
705,2024-11-06T00:00:00,547.45,565.85,541.0,563.9,9777442,WIPRO,3787
706,2024-11-07T00:00:00,566.0,569.7,554.45,563.4,5998571,WIPRO,3787
707,2024-11-08T00:00:00,565.0,578.8,565.0,569.0,10426329,WIPRO,3787
708,2024-11-11T00:00:00,569.0,583.2,566.05,573.5,8069722,WIPRO,3787
709,2024-11-12T00:00:00,575.0,579.7,569.05,570.65,5630445,WIPRO,3787
710,2024-11-13T00:00:00,570.0,573.6,565.55,569.0,5695600,WIPRO,3787
711,2024-11-14T00:00:00,568.95,574.55,564.2,566.7,4891760,WIPRO,3787
712,2024-11-18T00:00:00,566.7,566.7,540.3,552.85,7644882,WIPRO,3787
713,2024-11-19T00:00:00,556.0,569.8,554.7,562.0,6459889,WIPRO,3787
714,2024-11-21T00:00:00,562.0,567.6,555.3,557.15,5836304,WIPRO,3787
715,2024-11-22T00:00:00,561.95,573.6,557.9,571.4,15005348,WIPRO,3787
